CAT,Codigo,Tramite,q_rango,Precio_Total_UF,Palabras_Clave
CO,A,Análisis de Factibilidad técnica Cosmética. Revisión de antecedentes técnicos y definición de estrategia regulatoria. (para 1 producto cosmetico),1,4.0,"cosmetico, cosmetica, factibilidad, antecedente"
CO,A.1,"Inscripción Empresa Cosmetica el ISP por concepto de gestionar trámite como empresa y posterior Revisión de dossier, tramitación de registros cosmeticos, solicitud de clave gicona y administración de clave gicona.",1,24.21,"cosmetico, cosmetica, empresa, clave, gicona"
CO,A.2.1,Registro de producto cosmético tradicional (1-15 productos) (por c/ producto con todas sus variedades),1-15,37.56,"cosmetico, cosmetica, maquillaje, crema, locion, registro"
CO,A.2.2,Registro de producto cosmético tradicional (16-30 productos) (por producto con todas sus variedades),16-30,34.06,"cosmetico, cosmetica, maquillaje, crema, locion, registro"
CO,A.2.3,Registro de producto cosmético tradicional (31-50 productos) (por producto con todas sus variedades),31-50,32.06,"cosmetico, cosmetica, maquillaje, crema, locion, registro"
CO,A.2.3,Registro de producto cosmético tradicional (51 o más productos) (por producto con todas sus variedades),51+,29.56,"cosmetico, cosmetica, maquillaje, crema, locion, registro"
CO,A.2.3,RENOVACION Registro de producto cosmético tradicional (1 producto) (producto con todas sus variedades).,1,17.76,"cosmetico, cosmetica, renovacion, renovar, maquillaje"
CO,A.2.4,Inscripción de producto HIGIENE: (1-15 productos),1-15,11.0,"higiene, jabon, bucal, limpieza, colonia"
CO,A.2.5,Inscripción de producto: (16-30 productos),16-30,8.5,"higiene, jabon, bucal, limpieza, colonia"
CO,A.2.6,Inscripción de producto: (31-50 productos),31-50,7.5,"higiene, jabon, bucal, limpieza, colonia"
CO,A.2.6,Inscripción de producto: (51 o más productos),51+,6.0,"higiene, jabon, bucal, limpieza, colonia"
CO,A.3,"Gestión de CDA (por guia aérea, barco o terrestre). Hasta 4 items (cada item adicional son UF 0,2 por c/u). Trámite necesario por cada importación.",1-4,4.33,"cda, importacion, aduana, internacion"
CO,A.3,"Gestión de UYD (por guia aérea, barco o terrestre ). Hasta 4 items (cada item adicional son UF 0,2 por c/u). Trámite necesario por cada importación.",1-4,4.33,"uyd, importacion, aduana, uso y disposicion"
CO,A.4,Eximisión / Validación de Control de Calidad de Productos Cosméticos efectuado en el país de origen (ART.56º) (por Producto),1,10.17,"eximision, validacion, control, calidad, cosmetico"
CO,A.5.1,Transferencia de registros cosmeticos (Tramite) TRANSFERENCIA DE REGISTRO DE PRODUCTO COSMÉTICO.,1,18.29,"transferencia, titularidad, cosmetico, registro"
